"year","total_attendees","total_footprint_tonCO2e"
2023,2838,2208.86348086051
2024,3171,2239.46627625296
2025,2059,1436.9550056929
